PfDd2_01	134248	134684	ap2i_r1_gfp_peak_1	R1	1
PfDd2_01	144082	144563	ap2i_r1_gfp_peak_2	R1	1
PfDd2_01	182978	185405	ap2i_r1_gfp_peak_3a,ap2i_r1_gfp_peak_3b,ap2i_r1_gfp_peak_3c,ap2i_r1_gfp_peak_3d,ap2i_r3_gfp_peak_1,ap2i_r2_gfp_peak_37,ap2i_r4_gfp_peak_1,ap2i_r3_gfp_peak_2,ap2i_r2_gfp_peak_38,ap2i_r4_gfp_peak_2	R1-R2-R3-R4	3
PfDd2_01	188450	189065	ap2i_r1_gfp_peak_4	R1	1
PfDd2_01	209673	210196	ap2i_r1_gfp_peak_5	R1	1
PfDd2_01	215647	216879	ap2i_r1_gfp_peak_6a,ap2i_r1_gfp_peak_6b	R1	1
PfDd2_01	319674	320100	ap2i_r1_gfp_peak_7	R1	1
PfDd2_01	398903	399493	ap2i_r1_gfp_peak_8a,ap2i_r1_gfp_peak_8b	R1	1
PfDd2_01	480825	481393	ap2i_r1_gfp_peak_9	R1	1
PfDd2_02	84254	84641	ap2i_r1_gfp_peak_10	R1	1
PfDd2_02	141058	141585	ap2i_r1_gfp_peak_11	R1	1
PfDd2_02	162758	163013	ap2i_r1_gfp_peak_12	R1	1
PfDd2_02	168377	170533	ap2i_r1_gfp_peak_13a,ap2i_r1_gfp_peak_13b,ap2i_r3_gfp_peak_3,ap2i_r2_gfp_peak_139,ap2i_r4_gfp_peak_3	R1-R2-R3-R4	3
PfDd2_02	172811	174087	ap2i_r1_gfp_peak_14,ap2i_r4_gfp_peak_4,ap2i_r3_gfp_peak_4,ap2i_r2_gfp_peak_140	R1-R2-R3-R4	3
PfDd2_02	182284	182599	ap2i_r1_gfp_peak_15	R1	1
PfDd2_02	191950	192230	ap2i_r1_gfp_peak_16	R1	1
PfDd2_02	196673	197160	ap2i_r1_gfp_peak_17	R1	1
PfDd2_02	200163	202531	ap2i_r2_gfp_peak_149a,ap2i_r2_gfp_peak_149b,ap2i_r1_gfp_peak_18,ap2i_r2_gfp_peak_150,ap2i_r3_gfp_peak_5a,ap2i_r3_gfp_peak_5b,ap2i_r4_gfp_peak_5a,ap2i_r4_gfp_peak_5b	R1-R2-R3-R4	3
PfDd2_02	206384	206941	ap2i_r1_gfp_peak_19,ap2i_r2_gfp_peak_154	R1-R2	1
PfDd2_02	219882	220446	ap2i_r1_gfp_peak_20a,ap2i_r1_gfp_peak_20b	R1	1
PfDd2_02	245176	245504	ap2i_r1_gfp_peak_21	R1	1
PfDd2_02	292970	293476	ap2i_r1_gfp_peak_22,ap2i_r3_gfp_peak_6	R1-R3	2
PfDd2_02	360845	361449	ap2i_r1_gfp_peak_23	R1	1
PfDd2_02	406470	406768	ap2i_r1_gfp_peak_24	R1	1
PfDd2_02	425276	426090	ap2i_r1_gfp_peak_25a,ap2i_r1_gfp_peak_25b,ap2i_r1_gfp_peak_25c	R1	1
PfDd2_02	460600	460998	ap2i_r1_gfp_peak_26,ap2i_r2_gfp_peak_205	R1-R2	1
PfDd2_02	471742	472466	ap2i_r1_gfp_peak_27,ap2i_r2_gfp_peak_208	R1-R2	1
PfDd2_02	495528	495953	ap2i_r1_gfp_peak_28	R1	1
PfDd2_02	503151	503642	ap2i_r1_gfp_peak_29	R1	1
PfDd2_02	526228	526536	ap2i_r1_gfp_peak_30	R1	1
PfDd2_02	578537	579169	ap2i_r1_gfp_peak_31	R1	1
PfDd2_02	612084	613168	ap2i_r1_gfp_peak_32,ap2i_r3_gfp_peak_7,ap2i_r2_gfp_peak_234	R1-R2-R3	2
PfDd2_02	615617	615874	ap2i_r1_gfp_peak_33	R1	1
PfDd2_02	631101	631568	ap2i_r1_gfp_peak_34	R1	1
PfDd2_02	634598	634940	ap2i_r1_gfp_peak_35	R1	1
PfDd2_02	682037	682506	ap2i_r1_gfp_peak_36	R1	1
PfDd2_02	686981	687747	ap2i_r1_gfp_peak_37a,ap2i_r1_gfp_peak_37b	R1	1
PfDd2_02	704412	704800	ap2i_r1_gfp_peak_38	R1	1
PfDd2_02	709164	709634	ap2i_r4_gfp_peak_6,ap2i_r1_gfp_peak_39	R1-R4	2
PfDd2_02	730288	731923	ap2i_r1_gfp_peak_40,ap2i_r2_gfp_peak_248a,ap2i_r2_gfp_peak_248b,ap2i_r4_gfp_peak_7a,ap2i_r4_gfp_peak_7b,ap2i_r3_gfp_peak_8	R1-R2-R3-R4	3
PfDd2_02	805601	805874	ap2i_r1_gfp_peak_41	R1	1
PfDd2_02	849823	850231	ap2i_r2_gfp_peak_291,ap2i_r1_gfp_peak_42	R1-R2	1
PfDd2_03	7414	8112	ap2i_r1_gfp_peak_43a,ap2i_r1_gfp_peak_43b	R1	1
PfDd2_03	45678	45944	ap2i_r1_gfp_peak_44	R1	1
PfDd2_03	80322	80865	ap2i_r1_gfp_peak_45	R1	1
PfDd2_03	82027	82581	ap2i_r1_gfp_peak_46,ap2i_r4_gfp_peak_8,ap2i_r2_gfp_peak_305,ap2i_r3_gfp_peak_9	R1-R2-R3-R4	3
PfDd2_03	99148	99447	ap2i_r1_gfp_peak_47	R1	1
PfDd2_03	112757	116325	ap2i_r1_gfp_peak_48a,ap2i_r1_gfp_peak_48b,ap2i_r1_gfp_peak_48c,ap2i_r5_gfp_peak_16,ap2i_r2_gfp_peak_311a,ap2i_r2_gfp_peak_311b,ap2i_r2_gfp_peak_311c,ap2i_r2_gfp_peak_311d,ap2i_r3_gfp_peak_10a,ap2i_r3_gfp_peak_10b,ap2i_r3_gfp_peak_10c,ap2i_r3_gfp_peak_10d,ap2i_r4_gfp_peak_9a,ap2i_r4_gfp_peak_9b	R1-R2-R3-R4-R5	3
PfDd2_03	149018	149306	ap2i_r1_gfp_peak_49	R1	1
PfDd2_03	183033	183330	ap2i_r1_gfp_peak_50	R1	1
PfDd2_03	183844	184298	ap2i_r1_gfp_peak_51	R1	1
PfDd2_03	230210	230863	ap2i_r1_gfp_peak_52,ap2i_r3_gfp_peak_11	R1-R3	2
PfDd2_03	335628	335929	ap2i_r1_gfp_peak_53	R1	1
PfDd2_03	347686	348297	ap2i_r1_gfp_peak_54	R1	1
PfDd2_03	425796	426330	ap2i_r1_gfp_peak_55	R1	1
PfDd2_03	431164	431649	ap2i_r1_gfp_peak_56,ap2i_r4_gfp_peak_10	R1-R4	2
PfDd2_03	507000	507265	ap2i_r1_gfp_peak_57	R1	1
PfDd2_03	583413	583832	ap2i_r1_gfp_peak_58	R1	1
PfDd2_03	638876	639274	ap2i_r1_gfp_peak_59	R1	1
PfDd2_03	645519	645827	ap2i_r1_gfp_peak_60	R1	1
PfDd2_03	675642	676926	ap2i_r1_gfp_peak_61a,ap2i_r1_gfp_peak_61b,ap2i_r2_gfp_peak_405,ap2i_r3_gfp_peak_12	R1-R2-R3	2
PfDd2_03	677182	678349	ap2i_r1_gfp_peak_62a,ap2i_r1_gfp_peak_62b,ap2i_r2_gfp_peak_406,ap2i_r4_gfp_peak_11,ap2i_r3_gfp_peak_13	R1-R2-R3-R4	3
PfDd2_03	841114	841572	ap2i_r1_gfp_peak_63	R1	1
PfDd2_03	847092	847607	ap2i_r1_gfp_peak_64	R1	1
PfDd2_03	851236	851831	ap2i_r1_gfp_peak_65	R1	1
PfDd2_03	851985	853641	ap2i_r1_gfp_peak_66a,ap2i_r1_gfp_peak_66b,ap2i_r1_gfp_peak_66c,ap2i_r4_gfp_peak_12,ap2i_r2_gfp_peak_449,ap2i_r3_gfp_peak_14	R1-R2-R3-R4	3
PfDd2_03	872217	872927	ap2i_r1_gfp_peak_67	R1	1
PfDd2_03	972725	973001	ap2i_r1_gfp_peak_68	R1	1
PfDd2_04	133978	134282	ap2i_r1_gfp_peak_69	R1	1
PfDd2_04	159344	159909	ap2i_r1_gfp_peak_70,ap2i_r2_gfp_peak_512	R1-R2	1
PfDd2_04	175157	175522	ap2i_r1_gfp_peak_71	R1	1
PfDd2_04	176977	177288	ap2i_r1_gfp_peak_72	R1	1
PfDd2_04	203494	203872	ap2i_r1_gfp_peak_73	R1	1
PfDd2_04	222737	223872	ap2i_r1_gfp_peak_74,ap2i_r3_gfp_peak_15	R1-R3	2
PfDd2_04	224324	224944	ap2i_r1_gfp_peak_75,ap2i_r2_gfp_peak_525	R1-R2	1
PfDd2_04	228320	229030	ap2i_r1_gfp_peak_76	R1	1
PfDd2_04	239094	239541	ap2i_r1_gfp_peak_77	R1	1
PfDd2_04	279176	279760	ap2i_r4_gfp_peak_13,ap2i_r1_gfp_peak_78,ap2i_r2_gfp_peak_544	R1-R2-R4	2
PfDd2_04	297385	297926	ap2i_r1_gfp_peak_79	R1	1
PfDd2_04	343230	343903	ap2i_r1_gfp_peak_80,ap2i_r3_gfp_peak_16,ap2i_r2_gfp_peak_559	R1-R2-R3	2
PfDd2_04	355064	355415	ap2i_r1_gfp_peak_81	R1	1
PfDd2_04	418173	418958	ap2i_r1_gfp_peak_82,ap2i_r2_gfp_peak_574,ap2i_r3_gfp_peak_17,ap2i_r4_gfp_peak_14a,ap2i_r4_gfp_peak_14b	R1-R2-R3-R4	3
PfDd2_04	444708	445147	ap2i_r1_gfp_peak_83	R1	1
PfDd2_04	463409	463674	ap2i_r1_gfp_peak_84	R1	1
PfDd2_04	613823	614438	ap2i_r1_gfp_peak_85	R1	1
PfDd2_04	628747	629032	ap2i_r1_gfp_peak_86	R1	1
PfDd2_04	654415	655111	ap2i_r1_gfp_peak_87	R1	1
PfDd2_04	677403	678222	ap2i_r1_gfp_peak_88a,ap2i_r1_gfp_peak_88b	R1	1
PfDd2_04	685633	686103	ap2i_r2_gfp_peak_623,ap2i_r1_gfp_peak_89	R1-R2	1
PfDd2_04	776051	776467	ap2i_r1_gfp_peak_90	R1	1
PfDd2_04	776658	777005	ap2i_r1_gfp_peak_91	R1	1
PfDd2_04	806357	806688	ap2i_r1_gfp_peak_92	R1	1
PfDd2_04	821425	821965	ap2i_r1_gfp_peak_93	R1	1
PfDd2_04	958036	958311	ap2i_r1_gfp_peak_94	R1	1
PfDd2_04	990360	990627	ap2i_r1_gfp_peak_95	R1	1
PfDd2_04	991888	992903	ap2i_r1_gfp_peak_96a,ap2i_r1_gfp_peak_96b,ap2i_r2_gfp_peak_688,ap2i_r3_gfp_peak_18	R1-R2-R3	2
PfDd2_04	993785	995249	ap2i_r1_gfp_peak_97a,ap2i_r1_gfp_peak_97b,ap2i_r3_gfp_peak_19,ap2i_r2_gfp_peak_689	R1-R2-R3	2
PfDd2_04	1008410	1009784	ap2i_r2_gfp_peak_691,ap2i_r1_gfp_peak_98a,ap2i_r1_gfp_peak_98b,ap2i_r1_gfp_peak_98c,ap2i_r2_gfp_peak_692	R1-R2	1
PfDd2_05	56976	57886	ap2i_r1_gfp_peak_99	R1	1
PfDd2_05	87672	88732	ap2i_r1_gfp_peak_100,ap2i_r2_gfp_peak_734,ap2i_r3_gfp_peak_20,ap2i_r4_gfp_peak_15	R1-R2-R3-R4	3
PfDd2_05	90271	92279	ap2i_r1_gfp_peak_101a,ap2i_r1_gfp_peak_101b,ap2i_r1_gfp_peak_101c,ap2i_r2_gfp_peak_735,ap2i_r3_gfp_peak_21,ap2i_r4_gfp_peak_16	R1-R2-R3-R4	3
PfDd2_05	144176	144881	ap2i_r1_gfp_peak_102,ap2i_r3_gfp_peak_22	R1-R3	2
PfDd2_05	145161	145723	ap2i_r1_gfp_peak_103	R1	1
PfDd2_05	155821	156260	ap2i_r1_gfp_peak_104	R1	1
PfDd2_05	296730	297477	ap2i_r1_gfp_peak_105	R1	1
PfDd2_05	315079	315506	ap2i_r1_gfp_peak_106	R1	1
PfDd2_05	326429	326698	ap2i_r1_gfp_peak_107	R1	1
PfDd2_05	336176	336503	ap2i_r1_gfp_peak_108	R1	1
PfDd2_05	360658	360945	ap2i_r1_gfp_peak_109	R1	1
PfDd2_05	370266	371519	ap2i_r1_gfp_peak_110a,ap2i_r1_gfp_peak_110b,ap2i_r2_gfp_peak_795,ap2i_r2_gfp_peak_796	R1-R2	1
PfDd2_05	438625	440105	ap2i_r1_gfp_peak_111a,ap2i_r1_gfp_peak_111b,ap2i_r3_gfp_peak_23a,ap2i_r3_gfp_peak_23b,ap2i_r2_gfp_peak_813a,ap2i_r2_gfp_peak_813b	R1-R2-R3	2
PfDd2_05	470483	470884	ap2i_r1_gfp_peak_112	R1	1
PfDd2_05	523017	523736	ap2i_r1_gfp_peak_113	R1	1
PfDd2_05	640709	641382	ap2i_r1_gfp_peak_114	R1	1
PfDd2_05	660563	662883	ap2i_r1_gfp_peak_115a,ap2i_r1_gfp_peak_115b,ap2i_r1_gfp_peak_115c,ap2i_r3_gfp_peak_24,ap2i_r2_gfp_peak_853,ap2i_r2_gfp_peak_854	R1-R2-R3	2
PfDd2_05	715481	716172	ap2i_r1_gfp_peak_116,ap2i_r3_gfp_peak_25,ap2i_r2_gfp_peak_866a,ap2i_r2_gfp_peak_866b,ap2i_r4_gfp_peak_17	R1-R2-R3-R4	3
PfDd2_05	763635	763956	ap2i_r1_gfp_peak_117	R1	1
PfDd2_05	765925	766288	ap2i_r1_gfp_peak_118	R1	1
PfDd2_05	910896	911523	ap2i_r1_gfp_peak_119a,ap2i_r1_gfp_peak_119b	R1	1
PfDd2_05	999822	1000245	ap2i_r1_gfp_peak_120	R1	1
PfDd2_05	1014851	1015459	ap2i_r1_gfp_peak_121a,ap2i_r1_gfp_peak_121b	R1	1
PfDd2_05	1074391	1075169	ap2i_r1_gfp_peak_122	R1	1
PfDd2_05	1155490	1156069	ap2i_r1_gfp_peak_123	R1	1
PfDd2_05	1174871	1175315	ap2i_r1_gfp_peak_124	R1	1
PfDd2_05	1203209	1203630	ap2i_r1_gfp_peak_125	R1	1
PfDd2_05	1213288	1213648	ap2i_r1_gfp_peak_126,ap2i_r3_gfp_peak_26	R1-R3	2
PfDd2_05	1236907	1237261	ap2i_r1_gfp_peak_127	R1	1
PfDd2_05	1292302	1292753	ap2i_r1_gfp_peak_128	R1	1
PfDd2_05	1293688	1294315	ap2i_r1_gfp_peak_129	R1	1
PfDd2_05	1302940	1303207	ap2i_r4_gfp_peak_19	R4	1
PfDd2_05	1304790	1305888	ap2i_r1_gfp_peak_130,ap2i_r3_gfp_peak_27,ap2i_r2_gfp_peak_981,ap2i_r4_gfp_peak_20	R1-R2-R3-R4	3
PfDd2_05	1306538	1306932	ap2i_r1_gfp_peak_131	R1	1
PfDd2_05	1407254	1407654	ap2i_r1_gfp_peak_132,ap2i_r4_gfp_peak_22	R1-R4	2
PfDd2_06	152408	155554	ap2i_r1_gfp_peak_133a,ap2i_r1_gfp_peak_133b,ap2i_r1_gfp_peak_133c,ap2i_r2_gfp_peak_1047,ap2i_r3_gfp_peak_28,ap2i_r4_gfp_peak_24,ap2i_r2_gfp_peak_1048,ap2i_r4_gfp_peak_25,ap2i_r3_gfp_peak_29	R1-R2-R3-R4	3
PfDd2_06	189600	190212	ap2i_r1_gfp_peak_134	R1	1
PfDd2_06	238499	238867	ap2i_r1_gfp_peak_135	R1	1
PfDd2_06	264776	265170	ap2i_r1_gfp_peak_136	R1	1
PfDd2_06	292575	293865	ap2i_r1_gfp_peak_137a,ap2i_r1_gfp_peak_137b,ap2i_r3_gfp_peak_30a,ap2i_r3_gfp_peak_30b,ap2i_r2_gfp_peak_1077a,ap2i_r2_gfp_peak_1077b,ap2i_r4_gfp_peak_26	R1-R2-R3-R4	3
PfDd2_06	304473	304783	ap2i_r1_gfp_peak_138	R1	1
PfDd2_06	336290	336562	ap2i_r1_gfp_peak_139	R1	1
PfDd2_06	338510	339116	ap2i_r2_gfp_peak_1087,ap2i_r1_gfp_peak_140	R1-R2	1
PfDd2_06	339301	340145	ap2i_r1_gfp_peak_141	R1	1
PfDd2_06	395023	395525	ap2i_r1_gfp_peak_142	R1	1
PfDd2_06	398993	399633	ap2i_r1_gfp_peak_143	R1	1
PfDd2_06	399850	400354	ap2i_r1_gfp_peak_144	R1	1
PfDd2_06	418500	420778	ap2i_r1_gfp_peak_145a,ap2i_r1_gfp_peak_145b,ap2i_r3_gfp_peak_31a,ap2i_r3_gfp_peak_31b,ap2i_r2_gfp_peak_1098a,ap2i_r2_gfp_peak_1098b,ap2i_r2_gfp_peak_1098c,ap2i_r4_gfp_peak_27,ap2i_r4_gfp_peak_28	R1-R2-R3-R4	3
PfDd2_06	462898	463635	ap2i_r1_gfp_peak_146a,ap2i_r1_gfp_peak_146b	R1	1
PfDd2_06	473996	474258	ap2i_r1_gfp_peak_147	R1	1
PfDd2_06	480391	480725	ap2i_r1_gfp_peak_148	R1	1
PfDd2_06	502558	503335	ap2i_r1_gfp_peak_149a,ap2i_r1_gfp_peak_149b	R1	1
PfDd2_06	520895	521368	ap2i_r1_gfp_peak_150	R1	1
PfDd2_06	537731	540276	ap2i_r1_gfp_peak_151a,ap2i_r1_gfp_peak_151b,ap2i_r1_gfp_peak_151c,ap2i_r1_gfp_peak_151d,ap2i_r1_gfp_peak_151e,ap2i_r2_gfp_peak_1113a,ap2i_r2_gfp_peak_1113b,ap2i_r2_gfp_peak_1113c,ap2i_r4_gfp_peak_29a,ap2i_r4_gfp_peak_29b,ap2i_r4_gfp_peak_29c,ap2i_r3_gfp_peak_32,ap2i_r3_gfp_peak_33	R1-R2-R3-R4	3
PfDd2_06	561219	562326	ap2i_r1_gfp_peak_152a,ap2i_r1_gfp_peak_152b	R1	1
PfDd2_06	576477	576775	ap2i_r1_gfp_peak_153	R1	1
PfDd2_06	586491	587024	ap2i_r1_gfp_peak_154	R1	1
PfDd2_06	701984	702303	ap2i_r4_gfp_peak_30,ap2i_r2_gfp_peak_1142	R2-R4	1
PfDd2_06	716035	718468	ap2i_r1_gfp_peak_155a,ap2i_r1_gfp_peak_155b,ap2i_r1_gfp_peak_155c,ap2i_r4_gfp_peak_31,ap2i_r2_gfp_peak_1145,ap2i_r2_gfp_peak_1146a,ap2i_r2_gfp_peak_1146b,ap2i_r3_gfp_peak_34a,ap2i_r3_gfp_peak_34b,ap2i_r4_gfp_peak_32a,ap2i_r4_gfp_peak_32b	R1-R2-R3-R4	3
PfDd2_06	720992	721592	ap2i_r1_gfp_peak_156a,ap2i_r1_gfp_peak_156b	R1	1
PfDd2_06	723876	726569	ap2i_r1_gfp_peak_157a,ap2i_r1_gfp_peak_157b,ap2i_r4_gfp_peak_33,ap2i_r3_gfp_peak_35a,ap2i_r3_gfp_peak_35b,ap2i_r2_gfp_peak_1148,ap2i_r2_gfp_peak_1149a,ap2i_r2_gfp_peak_1149b,ap2i_r4_gfp_peak_34	R1-R2-R3-R4	3
PfDd2_06	775158	775587	ap2i_r2_gfp_peak_1155,ap2i_r1_gfp_peak_158	R1-R2	1
PfDd2_06	820833	821245	ap2i_r1_gfp_peak_159	R1	1
PfDd2_06	837853	838516	ap2i_r1_gfp_peak_160	R1	1
PfDd2_06	914457	915274	ap2i_r1_gfp_peak_161	R1	1
PfDd2_06	960639	961757	ap2i_r1_gfp_peak_162a,ap2i_r1_gfp_peak_162b,ap2i_r2_gfp_peak_1177	R1-R2	1
PfDd2_06	962823	963384	ap2i_r1_gfp_peak_163	R1	1
PfDd2_06	1044074	1044777	ap2i_r1_gfp_peak_164	R1	1
PfDd2_06	1066877	1067197	ap2i_r1_gfp_peak_165	R1	1
PfDd2_06	1122985	1124168	ap2i_r1_gfp_peak_166a,ap2i_r1_gfp_peak_166b,ap2i_r3_gfp_peak_36,ap2i_r2_gfp_peak_1204,ap2i_r4_gfp_peak_35	R1-R2-R3-R4	3
PfDd2_06	1137972	1138898	ap2i_r1_gfp_peak_167	R1	1
PfDd2_06	1188353	1188795	ap2i_r1_gfp_peak_168	R1	1
PfDd2_06	1242602	1243021	ap2i_r1_gfp_peak_169	R1	1
PfDd2_06	1247703	1247963	ap2i_r1_gfp_peak_170	R1	1
PfDd2_06	1262856	1263342	ap2i_r1_gfp_peak_171	R1	1
PfDd2_07	7582	7889	ap2i_r1_gfp_peak_172	R1	1
PfDd2_07	8922	9240	ap2i_r1_gfp_peak_173	R1	1
PfDd2_07	76630	77055	ap2i_r1_gfp_peak_174	R1	1
PfDd2_07	87448	87770	ap2i_r4_gfp_peak_37	R4	1
PfDd2_07	88093	88360	ap2i_r1_gfp_peak_175	R1	1
PfDd2_07	119255	119788	ap2i_r1_gfp_peak_176	R1	1
PfDd2_07	171833	172343	ap2i_r1_gfp_peak_177	R1	1
PfDd2_07	190652	192355	ap2i_r1_gfp_peak_178a,ap2i_r1_gfp_peak_178b,ap2i_r2_gfp_peak_1276a,ap2i_r2_gfp_peak_1276b,ap2i_r3_gfp_peak_37,ap2i_r4_gfp_peak_38,ap2i_r3_gfp_peak_38	R1-R2-R3-R4	3
PfDd2_07	206924	207248	ap2i_r1_gfp_peak_179	R1	1
PfDd2_07	218195	218459	ap2i_r1_gfp_peak_180	R1	1
PfDd2_07	280125	280450	ap2i_r1_gfp_peak_181	R1	1
PfDd2_07	301146	301411	ap2i_r1_gfp_peak_182	R1	1
PfDd2_07	312177	313945	ap2i_r1_gfp_peak_183,ap2i_r3_gfp_peak_39,ap2i_r2_gfp_peak_1293,ap2i_r4_gfp_peak_39	R1-R2-R3-R4	3
PfDd2_07	355441	355697	ap2i_r4_gfp_peak_40	R4	1
PfDd2_07	359603	360452	ap2i_r4_gfp_peak_41a,ap2i_r4_gfp_peak_41b	R4	1
PfDd2_07	586239	586626	ap2i_r1_gfp_peak_184	R1	1
PfDd2_07	600942	601559	ap2i_r1_gfp_peak_185,ap2i_r4_gfp_peak_43	R1-R4	2
PfDd2_07	602075	602681	ap2i_r1_gfp_peak_186a,ap2i_r1_gfp_peak_186b	R1	1
PfDd2_07	604717	605772	ap2i_r1_gfp_peak_187a,ap2i_r1_gfp_peak_187b,ap2i_r2_gfp_peak_1381a,ap2i_r2_gfp_peak_1381b,ap2i_r4_gfp_peak_44a,ap2i_r4_gfp_peak_44b,ap2i_r3_gfp_peak_40a,ap2i_r3_gfp_peak_40b	R1-R2-R3-R4	3
PfDd2_07	631238	631795	ap2i_r1_gfp_peak_188,ap2i_r3_gfp_peak_41,ap2i_r2_gfp_peak_1386,ap2i_r4_gfp_peak_45	R1-R2-R3-R4	3
PfDd2_07	714947	715364	ap2i_r1_gfp_peak_189	R1	1
PfDd2_07	723675	724189	ap2i_r1_gfp_peak_190,ap2i_r4_gfp_peak_46	R1-R4	2
PfDd2_07	781045	781564	ap2i_r1_gfp_peak_191	R1	1
PfDd2_07	904465	905975	ap2i_r2_gfp_peak_1433,ap2i_r1_gfp_peak_192,ap2i_r2_gfp_peak_1434,ap2i_r3_gfp_peak_42,ap2i_r4_gfp_peak_47	R1-R2-R3-R4	3
PfDd2_07	950957	951354	ap2i_r1_gfp_peak_193	R1	1
PfDd2_07	959553	960635	ap2i_r1_gfp_peak_194	R1	1
PfDd2_07	1036229	1037551	ap2i_r1_gfp_peak_195,ap2i_r2_gfp_peak_1453,ap2i_r3_gfp_peak_43	R1-R2-R3	2
PfDd2_07	1041020	1042259	ap2i_r1_gfp_peak_196,ap2i_r4_gfp_peak_48	R1-R4	2
PfDd2_07	1049831	1050124	ap2i_r1_gfp_peak_197	R1	1
PfDd2_07	1052144	1052841	ap2i_r1_gfp_peak_198,ap2i_r2_gfp_peak_1455	R1-R2	1
PfDd2_07	1102690	1102968	ap2i_r1_gfp_peak_199	R1	1
PfDd2_07	1140720	1141065	ap2i_r1_gfp_peak_200,ap2i_r4_gfp_peak_49	R1-R4	2
PfDd2_07	1175130	1175394	ap2i_r1_gfp_peak_201	R1	1
PfDd2_07	1276151	1276424	ap2i_r1_gfp_peak_202	R1	1
PfDd2_07	1277007	1277320	ap2i_r1_gfp_peak_203	R1	1
PfDd2_07	1306340	1306784	ap2i_r1_gfp_peak_204	R1	1
PfDd2_08	8373	8758	ap2i_r1_gfp_peak_205	R1	1
PfDd2_08	9771	10073	ap2i_r1_gfp_peak_206	R1	1
PfDd2_08	30495	30785	ap2i_r1_gfp_peak_207	R1	1
PfDd2_08	75451	75724	ap2i_r1_gfp_peak_208	R1	1
PfDd2_08	91484	91750	ap2i_r1_gfp_peak_209	R1	1
PfDd2_08	92113	92613	ap2i_r1_gfp_peak_210	R1	1
PfDd2_08	93149	93417	ap2i_r1_gfp_peak_211	R1	1
PfDd2_08	94432	95179	ap2i_r1_gfp_peak_212a,ap2i_r1_gfp_peak_212b	R1	1
PfDd2_08	95322	96201	ap2i_r2_gfp_peak_1550,ap2i_r1_gfp_peak_213a,ap2i_r1_gfp_peak_213b	R1-R2	1
PfDd2_08	121333	122175	ap2i_r1_gfp_peak_214,ap2i_r2_gfp_peak_1556,ap2i_r4_gfp_peak_51,ap2i_r3_gfp_peak_44	R1-R2-R3-R4	3
PfDd2_08	140060	140345	ap2i_r1_gfp_peak_215	R1	1
PfDd2_08	159163	159444	ap2i_r1_gfp_peak_216	R1	1
PfDd2_08	160065	160328	ap2i_r1_gfp_peak_217	R1	1
PfDd2_08	160635	160966	ap2i_r1_gfp_peak_218	R1	1
PfDd2_08	161198	161487	ap2i_r1_gfp_peak_219	R1	1
PfDd2_08	177227	177505	ap2i_r1_gfp_peak_220	R1	1
PfDd2_08	188021	188908	ap2i_r1_gfp_peak_221	R1	1
PfDd2_08	204252	204759	ap2i_r1_gfp_peak_222	R1	1
PfDd2_08	305987	306348	ap2i_r1_gfp_peak_223	R1	1
PfDd2_08	317475	318794	ap2i_r1_gfp_peak_224,ap2i_r3_gfp_peak_45,ap2i_r2_gfp_peak_1597	R1-R2-R3	2
PfDd2_08	330036	330318	ap2i_r1_gfp_peak_225	R1	1
PfDd2_08	379316	380040	ap2i_r1_gfp_peak_226,ap2i_r2_gfp_peak_1606	R1-R2	1
PfDd2_08	395743	396082	ap2i_r1_gfp_peak_227	R1	1
PfDd2_08	528958	529315	ap2i_r1_gfp_peak_228	R1	1
PfDd2_08	554122	554580	ap2i_r1_gfp_peak_229	R1	1
PfDd2_08	589718	591015	ap2i_r1_gfp_peak_230a,ap2i_r1_gfp_peak_230b,ap2i_r1_gfp_peak_230c,ap2i_r3_gfp_peak_46,ap2i_r2_gfp_peak_1646,ap2i_r4_gfp_peak_52	R1-R2-R3-R4	3
PfDd2_08	625570	626043	ap2i_r1_gfp_peak_231	R1	1
PfDd2_08	650543	651608	ap2i_r1_gfp_peak_232,ap2i_r3_gfp_peak_47	R1-R3	2
PfDd2_08	685885	686356	ap2i_r1_gfp_peak_233	R1	1
PfDd2_08	749197	749503	ap2i_r1_gfp_peak_234	R1	1
PfDd2_08	777527	778155	ap2i_r1_gfp_peak_235	R1	1
PfDd2_08	795194	795588	ap2i_r1_gfp_peak_236	R1	1
PfDd2_08	814622	815950	ap2i_r1_gfp_peak_237	R1	1
PfDd2_08	818994	820100	ap2i_r1_gfp_peak_238a,ap2i_r1_gfp_peak_238b,ap2i_r3_gfp_peak_48,ap2i_r2_gfp_peak_1682	R1-R2-R3	2
PfDd2_08	828619	829774	ap2i_r1_gfp_peak_239	R1	1
PfDd2_08	859601	860101	ap2i_r1_gfp_peak_240,ap2i_r2_gfp_peak_1684,ap2i_r4_gfp_peak_53	R1-R2-R4	2
PfDd2_08	886973	889140	ap2i_r1_gfp_peak_241a,ap2i_r1_gfp_peak_241b,ap2i_r1_gfp_peak_241c	R1	1
PfDd2_08	917473	917878	ap2i_r1_gfp_peak_242	R1	1
PfDd2_08	928782	929053	ap2i_r1_gfp_peak_243	R1	1
PfDd2_08	945443	945762	ap2i_r1_gfp_peak_244	R1	1
PfDd2_08	947603	948529	ap2i_r1_gfp_peak_245a,ap2i_r1_gfp_peak_245b	R1	1
PfDd2_08	1011553	1012834	ap2i_r1_gfp_peak_246,ap2i_r3_gfp_peak_49,ap2i_r2_gfp_peak_1704,ap2i_r4_gfp_peak_55	R1-R2-R3-R4	3
PfDd2_08	1025563	1025813	ap2i_r1_gfp_peak_247	R1	1
PfDd2_08	1149796	1150190	ap2i_r1_gfp_peak_248	R1	1
PfDd2_08	1208319	1208842	ap2i_r1_gfp_peak_249	R1	1
PfDd2_08	1242506	1243002	ap2i_r1_gfp_peak_250	R1	1
PfDd2_08	1258896	1259817	ap2i_r1_gfp_peak_251,ap2i_r2_gfp_peak_1753,ap2i_r3_gfp_peak_50,ap2i_r4_gfp_peak_56	R1-R2-R3-R4	3
PfDd2_08	1277619	1277903	ap2i_r1_gfp_peak_252	R1	1
PfDd2_08	1292777	1293175	ap2i_r1_gfp_peak_253	R1	1
PfDd2_08	1308006	1308256	ap2i_r1_gfp_peak_254	R1	1
PfDd2_08	1356594	1357074	ap2i_r1_gfp_peak_255	R1	1
PfDd2_09	6503	6808	ap2i_r1_gfp_peak_256	R1	1
PfDd2_09	89838	90199	ap2i_r1_gfp_peak_257	R1	1
PfDd2_09	120064	120337	ap2i_r1_gfp_peak_258	R1	1
PfDd2_09	131088	131563	ap2i_r1_gfp_peak_259	R1	1
PfDd2_09	132799	133547	ap2i_r1_gfp_peak_260,ap2i_r2_gfp_peak_1795,ap2i_r4_gfp_peak_58,ap2i_r3_gfp_peak_51	R1-R2-R3-R4	3
PfDd2_09	168993	169618	ap2i_r1_gfp_peak_261	R1	1
PfDd2_09	228196	228472	ap2i_r1_gfp_peak_262	R1	1
PfDd2_09	268630	271264	ap2i_r1_gfp_peak_263a,ap2i_r1_gfp_peak_263b,ap2i_r2_gfp_peak_1830,ap2i_r3_gfp_peak_52,ap2i_r4_gfp_peak_59a,ap2i_r4_gfp_peak_59b,ap2i_r2_gfp_peak_1831,ap2i_r3_gfp_peak_53	R1-R2-R3-R4	3
PfDd2_09	271583	272611	ap2i_r1_gfp_peak_264,ap2i_r2_gfp_peak_1832,ap2i_r3_gfp_peak_54	R1-R2-R3	2
PfDd2_09	338225	338935	ap2i_r1_gfp_peak_265	R1	1
PfDd2_09	350366	351308	ap2i_r1_gfp_peak_266	R1	1
PfDd2_09	353151	353560	ap2i_r1_gfp_peak_267	R1	1
PfDd2_09	367804	368183	ap2i_r1_gfp_peak_268	R1	1
PfDd2_09	381590	381841	ap2i_r1_gfp_peak_269	R1	1
PfDd2_09	382013	382510	ap2i_r1_gfp_peak_270	R1	1
PfDd2_09	531625	531920	ap2i_r1_gfp_peak_271	R1	1
PfDd2_09	535080	535335	ap2i_r1_gfp_peak_272	R1	1
PfDd2_09	600620	600961	ap2i_r1_gfp_peak_273	R1	1
PfDd2_09	610923	612189	ap2i_r1_gfp_peak_274a,ap2i_r1_gfp_peak_274b,ap2i_r2_gfp_peak_1863a,ap2i_r2_gfp_peak_1863b	R1-R2	1
PfDd2_09	667156	667685	ap2i_r1_gfp_peak_275	R1	1
PfDd2_09	694979	695334	ap2i_r1_gfp_peak_276	R1	1
PfDd2_09	695519	695931	ap2i_r1_gfp_peak_277	R1	1
PfDd2_09	712042	712507	ap2i_r1_gfp_peak_278	R1	1
PfDd2_09	730630	732018	ap2i_r1_gfp_peak_279a,ap2i_r1_gfp_peak_279b,ap2i_r2_gfp_peak_1879,ap2i_r4_gfp_peak_60a,ap2i_r4_gfp_peak_60b	R1-R2-R4	2
PfDd2_09	739089	740180	ap2i_r1_gfp_peak_280,ap2i_r3_gfp_peak_55,ap2i_r2_gfp_peak_1881,ap2i_r4_gfp_peak_61	R1-R2-R3-R4	3
PfDd2_09	741195	741633	ap2i_r1_gfp_peak_281	R1	1
PfDd2_09	815209	815954	ap2i_r1_gfp_peak_282	R1	1
PfDd2_09	895689	895977	ap2i_r1_gfp_peak_283	R1	1
PfDd2_09	896076	896781	ap2i_r1_gfp_peak_284	R1	1
PfDd2_09	948246	948961	ap2i_r1_gfp_peak_285	R1	1
PfDd2_09	980748	981196	ap2i_r1_gfp_peak_286	R1	1
PfDd2_09	981588	981850	ap2i_r1_gfp_peak_287	R1	1
PfDd2_09	1053618	1055029	ap2i_r1_gfp_peak_288a,ap2i_r1_gfp_peak_288b,ap2i_r3_gfp_peak_56a,ap2i_r3_gfp_peak_56b,ap2i_r2_gfp_peak_1933a,ap2i_r2_gfp_peak_1933b,ap2i_r4_gfp_peak_62	R1-R2-R3-R4	3
PfDd2_09	1106362	1107150	ap2i_r1_gfp_peak_289	R1	1
PfDd2_09	1114862	1115477	ap2i_r1_gfp_peak_290,ap2i_r4_gfp_peak_63,ap2i_r2_gfp_peak_1946,ap2i_r3_gfp_peak_57	R1-R2-R3-R4	3
PfDd2_09	1127975	1129616	ap2i_r1_gfp_peak_291a,ap2i_r1_gfp_peak_291b,ap2i_r1_gfp_peak_291c,ap2i_r3_gfp_peak_58,ap2i_r4_gfp_peak_64,ap2i_r2_gfp_peak_1950	R1-R2-R3-R4	3
PfDd2_09	1166056	1168028	ap2i_r1_gfp_peak_292,ap2i_r2_gfp_peak_1958,ap2i_r3_gfp_peak_59,ap2i_r4_gfp_peak_65	R1-R2-R3-R4	3
PfDd2_09	1192317	1194756	ap2i_r1_gfp_peak_293a,ap2i_r1_gfp_peak_293b,ap2i_r1_gfp_peak_293c,ap2i_r2_gfp_peak_1961,ap2i_r4_gfp_peak_66,ap2i_r3_gfp_peak_60	R1-R2-R3-R4	3
PfDd2_09	1194905	1195209	ap2i_r1_gfp_peak_294	R1	1
PfDd2_09	1203815	1204534	ap2i_r1_gfp_peak_295,ap2i_r4_gfp_peak_67,ap2i_r3_gfp_peak_61,ap2i_r2_gfp_peak_1963	R1-R2-R3-R4	3
PfDd2_09	1252730	1253203	ap2i_r2_gfp_peak_1966,ap2i_r1_gfp_peak_296	R1-R2	1
PfDd2_09	1259171	1259479	ap2i_r1_gfp_peak_297	R1	1
PfDd2_09	1259947	1260603	ap2i_r1_gfp_peak_298	R1	1
PfDd2_09	1264784	1265037	ap2i_r1_gfp_peak_299	R1	1
PfDd2_09	1265410	1265681	ap2i_r1_gfp_peak_300	R1	1
PfDd2_09	1277006	1277557	ap2i_r1_gfp_peak_301a,ap2i_r1_gfp_peak_301b	R1	1
PfDd2_09	1278464	1278959	ap2i_r1_gfp_peak_302	R1	1
PfDd2_09	1351050	1352301	ap2i_r1_gfp_peak_303,ap2i_r2_gfp_peak_1979,ap2i_r3_gfp_peak_62	R1-R2-R3	2
PfDd2_09	1352478	1353338	ap2i_r1_gfp_peak_304,ap2i_r2_gfp_peak_1980,ap2i_r3_gfp_peak_63,ap2i_r4_gfp_peak_68	R1-R2-R3-R4	3
PfDd2_09	1365612	1366435	ap2i_r1_gfp_peak_305,ap2i_r3_gfp_peak_64,ap2i_r4_gfp_peak_69	R1-R3-R4	3
PfDd2_09	1367875	1368504	ap2i_r1_gfp_peak_306a,ap2i_r1_gfp_peak_306b,ap2i_r4_gfp_peak_70	R1-R4	2
PfDd2_09	1372819	1373208	ap2i_r1_gfp_peak_307,ap2i_r4_gfp_peak_71	R1-R4	2
PfDd2_09	1384121	1384647	ap2i_r1_gfp_peak_308,ap2i_r4_gfp_peak_72	R1-R4	2
PfDd2_09	1385025	1385948	ap2i_r1_gfp_peak_309	R1	1
PfDd2_09	1386860	1387426	ap2i_r1_gfp_peak_310	R1	1
PfDd2_09	1387749	1388761	ap2i_r1_gfp_peak_311,ap2i_r3_gfp_peak_65,ap2i_r4_gfp_peak_73,ap2i_r2_gfp_peak_1985	R1-R2-R3-R4	3
PfDd2_09	1402535	1402790	ap2i_r1_gfp_peak_312	R1	1
PfDd2_09	1403162	1404656	ap2i_r1_gfp_peak_313,ap2i_r3_gfp_peak_66a,ap2i_r3_gfp_peak_66b,ap2i_r2_gfp_peak_1988,ap2i_r4_gfp_peak_74	R1-R2-R3-R4	3
PfDd2_10	67602	68699	ap2i_r1_gfp_peak_314,ap2i_r4_gfp_peak_75	R1-R4	2
PfDd2_10	70103	70837	ap2i_r1_gfp_peak_315,ap2i_r3_gfp_peak_67,ap2i_r4_gfp_peak_76	R1-R3-R4	3
PfDd2_10	116189	116965	ap2i_r1_gfp_peak_316,ap2i_r3_gfp_peak_68,ap2i_r2_gfp_peak_2026	R1-R2-R3	2
PfDd2_10	134329	134711	ap2i_r1_gfp_peak_317	R1	1
PfDd2_10	138554	139534	ap2i_r1_gfp_peak_318,ap2i_r3_gfp_peak_69,ap2i_r2_gfp_peak_2028	R1-R2-R3	2
PfDd2_10	173069	173353	ap2i_r1_gfp_peak_319	R1	1
PfDd2_10	225670	225954	ap2i_r1_gfp_peak_320	R1	1
PfDd2_10	266238	266536	ap2i_r1_gfp_peak_321	R1	1
PfDd2_10	278592	280179	ap2i_r5_gfp_peak_117a,ap2i_r5_gfp_peak_117b,ap2i_r5_gfp_peak_117c,ap2i_r5_gfp_peak_117d,ap2i_r2_gfp_peak_2051,ap2i_r4_gfp_peak_80	R2-R4-R5	1
PfDd2_10	281842	284051	ap2i_r1_gfp_peak_322a,ap2i_r1_gfp_peak_322b,ap2i_r3_gfp_peak_71,ap2i_r4_gfp_peak_81,ap2i_r2_gfp_peak_2052,ap2i_r4_gfp_peak_82,ap2i_r3_gfp_peak_72	R1-R2-R3-R4	3
PfDd2_10	284763	285764	ap2i_r1_gfp_peak_323a,ap2i_r1_gfp_peak_323b,ap2i_r4_gfp_peak_83,ap2i_r4_gfp_peak_84	R1-R4	2
PfDd2_10	305302	305604	ap2i_r1_gfp_peak_324	R1	1
PfDd2_10	338046	338709	ap2i_r1_gfp_peak_325	R1	1
PfDd2_10	366760	367968	ap2i_r1_gfp_peak_326	R1	1
PfDd2_10	444559	445312	ap2i_r1_gfp_peak_327	R1	1
PfDd2_10	452174	452638	ap2i_r1_gfp_peak_328a,ap2i_r1_gfp_peak_328b	R1	1
PfDd2_10	484302	484808	ap2i_r1_gfp_peak_329	R1	1
PfDd2_10	516387	517022	ap2i_r1_gfp_peak_330	R1	1
PfDd2_10	528669	529158	ap2i_r1_gfp_peak_331	R1	1
PfDd2_10	583412	584503	ap2i_r1_gfp_peak_332,ap2i_r3_gfp_peak_73,ap2i_r2_gfp_peak_2103	R1-R2-R3	2
PfDd2_10	614472	614750	ap2i_r1_gfp_peak_333	R1	1
PfDd2_10	643207	643713	ap2i_r1_gfp_peak_334	R1	1
PfDd2_10	703553	704436	ap2i_r1_gfp_peak_335,ap2i_r2_gfp_peak_2125,ap2i_r4_gfp_peak_85	R1-R2-R4	2
PfDd2_10	747223	747634	ap2i_r1_gfp_peak_336	R1	1
PfDd2_10	758023	758298	ap2i_r1_gfp_peak_337	R1	1
PfDd2_10	759051	759862	ap2i_r1_gfp_peak_338,ap2i_r2_gfp_peak_2136,ap2i_r3_gfp_peak_74,ap2i_r4_gfp_peak_86	R1-R2-R3-R4	3
PfDd2_10	785397	785955	ap2i_r1_gfp_peak_339	R1	1
PfDd2_10	786636	786886	ap2i_r1_gfp_peak_340	R1	1
PfDd2_10	822286	822565	ap2i_r1_gfp_peak_341	R1	1
PfDd2_10	822667	823001	ap2i_r1_gfp_peak_342	R1	1
PfDd2_10	870991	871305	ap2i_r1_gfp_peak_343	R1	1
PfDd2_10	878583	879044	ap2i_r1_gfp_peak_344	R1	1
PfDd2_10	879148	879562	ap2i_r1_gfp_peak_345	R1	1
PfDd2_10	888576	889340	ap2i_r1_gfp_peak_346a,ap2i_r1_gfp_peak_346b	R1	1
PfDd2_10	930380	931566	ap2i_r1_gfp_peak_347a,ap2i_r1_gfp_peak_347b	R1	1
PfDd2_10	986102	987477	ap2i_r1_gfp_peak_348a,ap2i_r1_gfp_peak_348b,ap2i_r4_gfp_peak_87,ap2i_r2_gfp_peak_2169,ap2i_r2_gfp_peak_2170,ap2i_r3_gfp_peak_75	R1-R2-R3-R4	3
PfDd2_10	987691	988437	ap2i_r1_gfp_peak_349a,ap2i_r1_gfp_peak_349b	R1	1
PfDd2_10	988943	989443	ap2i_r1_gfp_peak_350,ap2i_r4_gfp_peak_88,ap2i_r3_gfp_peak_76	R1-R3-R4	3
PfDd2_10	1067232	1067528	ap2i_r1_gfp_peak_351	R1	1
PfDd2_10	1074303	1074882	ap2i_r1_gfp_peak_352a,ap2i_r1_gfp_peak_352b	R1	1
PfDd2_10	1075129	1075599	ap2i_r1_gfp_peak_353	R1	1
PfDd2_10	1119170	1121622	ap2i_r1_gfp_peak_354a,ap2i_r1_gfp_peak_354b,ap2i_r1_gfp_peak_354c,ap2i_r2_gfp_peak_2203,ap2i_r3_gfp_peak_77	R1-R2-R3	2
PfDd2_10	1141925	1142194	ap2i_r1_gfp_peak_355	R1	1
PfDd2_10	1154414	1154919	ap2i_r1_gfp_peak_356	R1	1
PfDd2_10	1160260	1160632	ap2i_r1_gfp_peak_357	R1	1
PfDd2_10	1190556	1191918	ap2i_r1_gfp_peak_358,ap2i_r2_gfp_peak_2214,ap2i_r3_gfp_peak_78,ap2i_r4_gfp_peak_90	R1-R2-R3-R4	3
PfDd2_10	1206927	1207638	ap2i_r2_gfp_peak_2218a,ap2i_r2_gfp_peak_2218b,ap2i_r1_gfp_peak_359	R1-R2	1
PfDd2_10	1208662	1209837	ap2i_r1_gfp_peak_360a,ap2i_r1_gfp_peak_360b,ap2i_r1_gfp_peak_360c	R1	1
PfDd2_10	1225920	1226292	ap2i_r1_gfp_peak_361	R1	1
PfDd2_10	1232409	1234128	ap2i_r1_gfp_peak_362a,ap2i_r1_gfp_peak_362b,ap2i_r3_gfp_peak_79a,ap2i_r3_gfp_peak_79b,ap2i_r2_gfp_peak_2221a,ap2i_r2_gfp_peak_2221b,ap2i_r4_gfp_peak_91	R1-R2-R3-R4	3
PfDd2_10	1235617	1235888	ap2i_r1_gfp_peak_363	R1	1
PfDd2_10	1308225	1308553	ap2i_r1_gfp_peak_364	R1	1
PfDd2_10	1309105	1310896	ap2i_r1_gfp_peak_365a,ap2i_r1_gfp_peak_365b,ap2i_r2_gfp_peak_2229,ap2i_r3_gfp_peak_80,ap2i_r4_gfp_peak_92	R1-R2-R3-R4	3
PfDd2_10	1311437	1311765	ap2i_r4_gfp_peak_93	R4	1
PfDd2_10	1331734	1332199	ap2i_r1_gfp_peak_366	R1	1
PfDd2_10	1366514	1366770	ap2i_r1_gfp_peak_367	R1	1
PfDd2_10	1368551	1371023	ap2i_r2_gfp_peak_2243,ap2i_r1_gfp_peak_368a,ap2i_r1_gfp_peak_368b,ap2i_r2_gfp_peak_2244a,ap2i_r2_gfp_peak_2244b,ap2i_r3_gfp_peak_81a,ap2i_r3_gfp_peak_81b,ap2i_r4_gfp_peak_94a,ap2i_r4_gfp_peak_94b,ap2i_r4_gfp_peak_94c	R1-R2-R3-R4	3
PfDd2_10	1373805	1374083	ap2i_r1_gfp_peak_369	R1	1
PfDd2_10	1379468	1379946	ap2i_r1_gfp_peak_370	R1	1
PfDd2_10	1382364	1382857	ap2i_r1_gfp_peak_371	R1	1
PfDd2_10	1388010	1389209	ap2i_r1_gfp_peak_372,ap2i_r3_gfp_peak_82,ap2i_r2_gfp_peak_2250,ap2i_r4_gfp_peak_95	R1-R2-R3-R4	3
PfDd2_10	1398888	1399653	ap2i_r1_gfp_peak_373,ap2i_r3_gfp_peak_83,ap2i_r2_gfp_peak_2253	R1-R2-R3	2
PfDd2_10	1464555	1465146	ap2i_r1_gfp_peak_374	R1	1
PfDd2_10	1482301	1483746	ap2i_r1_gfp_peak_375a,ap2i_r1_gfp_peak_375b	R1	1
PfDd2_10	1490036	1490286	ap2i_r1_gfp_peak_376	R1	1
PfDd2_10	1526758	1527149	ap2i_r4_gfp_peak_96,ap2i_r1_gfp_peak_377	R1-R4	2
PfDd2_11	99395	99749	ap2i_r1_gfp_peak_378	R1	1
PfDd2_11	122438	123155	ap2i_r1_gfp_peak_379,ap2i_r3_gfp_peak_84	R1-R3	2
PfDd2_11	132252	136898	ap2i_r1_gfp_peak_380a,ap2i_r1_gfp_peak_380b,ap2i_r1_gfp_peak_380c,ap2i_r1_gfp_peak_380d,ap2i_r1_gfp_peak_380e,ap2i_r1_gfp_peak_380f,ap2i_r1_gfp_peak_380g,ap2i_r2_gfp_peak_2312a,ap2i_r2_gfp_peak_2312b,ap2i_r3_gfp_peak_85a,ap2i_r3_gfp_peak_85b,ap2i_r4_gfp_peak_97a,ap2i_r4_gfp_peak_97b,ap2i_r4_gfp_peak_98a,ap2i_r4_gfp_peak_98b,ap2i_r2_gfp_peak_2313a,ap2i_r2_gfp_peak_2313b,ap2i_r3_gfp_peak_86,ap2i_r3_gfp_peak_87,ap2i_r2_gfp_peak_2314	R1-R2-R3-R4	3
PfDd2_11	249655	251088	ap2i_r1_gfp_peak_381a,ap2i_r1_gfp_peak_381b,ap2i_r3_gfp_peak_88,ap2i_r2_gfp_peak_2329,ap2i_r4_gfp_peak_99,ap2i_r2_gfp_peak_2330	R1-R2-R3-R4	3
PfDd2_11	252109	253123	ap2i_r1_gfp_peak_382,ap2i_r3_gfp_peak_89,ap2i_r2_gfp_peak_2331	R1-R2-R3	2
PfDd2_11	264705	265510	ap2i_r1_gfp_peak_383	R1	1
PfDd2_11	280999	281841	ap2i_r1_gfp_peak_384,ap2i_r3_gfp_peak_90,ap2i_r2_gfp_peak_2338	R1-R2-R3	2
PfDd2_11	282130	282440	ap2i_r1_gfp_peak_385	R1	1
PfDd2_11	309891	310498	ap2i_r1_gfp_peak_386	R1	1
PfDd2_11	367137	367617	ap2i_r1_gfp_peak_387	R1	1
PfDd2_11	426132	426863	ap2i_r1_gfp_peak_388a,ap2i_r1_gfp_peak_388b	R1	1
PfDd2_11	496508	496958	ap2i_r1_gfp_peak_389	R1	1
PfDd2_11	508179	508648	ap2i_r1_gfp_peak_390a,ap2i_r1_gfp_peak_390b,ap2i_r1_gfp_peak_390c	R1	1
PfDd2_11	517060	517546	ap2i_r1_gfp_peak_391	R1	1
PfDd2_11	523862	524330	ap2i_r1_gfp_peak_392	R1	1
PfDd2_11	570571	571110	ap2i_r1_gfp_peak_393	R1	1
PfDd2_11	573028	573549	ap2i_r1_gfp_peak_394	R1	1
PfDd2_11	582708	583246	ap2i_r1_gfp_peak_395	R1	1
PfDd2_11	611220	611610	ap2i_r1_gfp_peak_396	R1	1
PfDd2_11	622850	623406	ap2i_r1_gfp_peak_397	R1	1
PfDd2_11	652783	653095	ap2i_r1_gfp_peak_398	R1	1
PfDd2_11	653303	653604	ap2i_r1_gfp_peak_399	R1	1
PfDd2_11	672309	673179	ap2i_r1_gfp_peak_400,ap2i_r2_gfp_peak_2406	R1-R2	1
PfDd2_11	717275	717869	ap2i_r1_gfp_peak_401,ap2i_r4_gfp_peak_100,ap2i_r2_gfp_peak_2412,ap2i_r3_gfp_peak_91	R1-R2-R3-R4	3
PfDd2_11	726596	727020	ap2i_r1_gfp_peak_402	R1	1
PfDd2_11	778780	779130	ap2i_r1_gfp_peak_403	R1	1
PfDd2_11	814726	816459	ap2i_r1_gfp_peak_404a,ap2i_r1_gfp_peak_404b,ap2i_r1_gfp_peak_404c	R1	1
PfDd2_11	826346	826600	ap2i_r1_gfp_peak_405	R1	1
PfDd2_11	868480	868906	ap2i_r1_gfp_peak_406	R1	1
PfDd2_11	882406	882719	ap2i_r1_gfp_peak_407	R1	1
PfDd2_11	887538	887831	ap2i_r1_gfp_peak_408	R1	1
PfDd2_11	888087	888728	ap2i_r1_gfp_peak_409	R1	1
PfDd2_11	939423	940481	ap2i_r1_gfp_peak_410a,ap2i_r1_gfp_peak_410b	R1	1
PfDd2_11	961883	962632	ap2i_r1_gfp_peak_411,ap2i_r2_gfp_peak_2449,ap2i_r3_gfp_peak_92,ap2i_r4_gfp_peak_101	R1-R2-R3-R4	3
PfDd2_11	1031220	1032958	ap2i_r1_gfp_peak_412a,ap2i_r1_gfp_peak_412b,ap2i_r4_gfp_peak_102,ap2i_r2_gfp_peak_2459,ap2i_r3_gfp_peak_93	R1-R2-R3-R4	3
PfDd2_11	1052117	1052659	ap2i_r1_gfp_peak_413,ap2i_r3_gfp_peak_94,ap2i_r2_gfp_peak_2464	R1-R2-R3	2
PfDd2_11	1184390	1185203	ap2i_r1_gfp_peak_414	R1	1
PfDd2_11	1185297	1185998	ap2i_r1_gfp_peak_415,ap2i_r2_gfp_peak_2493a,ap2i_r2_gfp_peak_2493b	R1-R2	1
PfDd2_11	1188900	1189424	ap2i_r1_gfp_peak_416	R1	1
PfDd2_11	1202322	1202657	ap2i_r1_gfp_peak_417	R1	1
PfDd2_11	1204071	1204366	ap2i_r1_gfp_peak_418	R1	1
PfDd2_11	1216144	1216617	ap2i_r1_gfp_peak_419,ap2i_r2_gfp_peak_2497	R1-R2	1
PfDd2_11	1221964	1222440	ap2i_r1_gfp_peak_420	R1	1
PfDd2_11	1291921	1292294	ap2i_r1_gfp_peak_421	R1	1
PfDd2_11	1299615	1299938	ap2i_r1_gfp_peak_422	R1	1
PfDd2_11	1315179	1315710	ap2i_r1_gfp_peak_423	R1	1
PfDd2_11	1334386	1334881	ap2i_r1_gfp_peak_424	R1	1
PfDd2_11	1351394	1352622	ap2i_r1_gfp_peak_425a,ap2i_r1_gfp_peak_425b	R1	1
PfDd2_11	1379426	1379861	ap2i_r1_gfp_peak_426	R1	1
PfDd2_11	1399916	1400810	ap2i_r1_gfp_peak_427,ap2i_r3_gfp_peak_95a,ap2i_r3_gfp_peak_95b	R1-R3	2
PfDd2_11	1430537	1430982	ap2i_r1_gfp_peak_428	R1	1
PfDd2_11	1488510	1489228	ap2i_r1_gfp_peak_429a,ap2i_r1_gfp_peak_429b	R1	1
PfDd2_11	1496558	1497477	ap2i_r1_gfp_peak_430,ap2i_r2_gfp_peak_2535,ap2i_r3_gfp_peak_96,ap2i_r4_gfp_peak_103	R1-R2-R3-R4	3
PfDd2_11	1519928	1522597	ap2i_r1_gfp_peak_431a,ap2i_r1_gfp_peak_431b,ap2i_r1_gfp_peak_431c,ap2i_r1_gfp_peak_431d,ap2i_r1_gfp_peak_431e,ap2i_r3_gfp_peak_97a,ap2i_r3_gfp_peak_97b,ap2i_r2_gfp_peak_2537a,ap2i_r2_gfp_peak_2537b,ap2i_r4_gfp_peak_104a,ap2i_r4_gfp_peak_104b,ap2i_r2_gfp_peak_2538	R1-R2-R3-R4	3
PfDd2_11	1588844	1589720	ap2i_r1_gfp_peak_432	R1	1
PfDd2_11	1589894	1590244	ap2i_r1_gfp_peak_433	R1	1
PfDd2_11	1604795	1605180	ap2i_r1_gfp_peak_434	R1	1
PfDd2_11	1618643	1619127	ap2i_r1_gfp_peak_435	R1	1
PfDd2_11	1628171	1628653	ap2i_r1_gfp_peak_436	R1	1
PfDd2_11	1642866	1643240	ap2i_r1_gfp_peak_437	R1	1
PfDd2_11	1692618	1692875	ap2i_r1_gfp_peak_438	R1	1
PfDd2_11	1710504	1712881	ap2i_r1_gfp_peak_439a,ap2i_r1_gfp_peak_439b,ap2i_r1_gfp_peak_439c,ap2i_r2_gfp_peak_2561a,ap2i_r2_gfp_peak_2561b,ap2i_r3_gfp_peak_98a,ap2i_r3_gfp_peak_98b,ap2i_r4_gfp_peak_105	R1-R2-R3-R4	3
PfDd2_11	1716647	1717494	ap2i_r1_gfp_peak_440a,ap2i_r1_gfp_peak_440b	R1	1
PfDd2_11	1744522	1744862	ap2i_r1_gfp_peak_441,ap2i_r4_gfp_peak_106	R1-R4	2
PfDd2_12	95049	95516	ap2i_r1_gfp_peak_442	R1	1
PfDd2_12	141545	141917	ap2i_r1_gfp_peak_443	R1	1
PfDd2_12	142500	142814	ap2i_r1_gfp_peak_444	R1	1
PfDd2_12	142900	143500	ap2i_r1_gfp_peak_445	R1	1
PfDd2_12	181946	183170	ap2i_r1_gfp_peak_446,ap2i_r2_gfp_peak_2656,ap2i_r3_gfp_peak_99,ap2i_r4_gfp_peak_108	R1-R2-R3-R4	3
PfDd2_12	205493	205881	ap2i_r1_gfp_peak_447	R1	1
PfDd2_12	248077	248943	ap2i_r1_gfp_peak_448,ap2i_r2_gfp_peak_2666,ap2i_r3_gfp_peak_100,ap2i_r4_gfp_peak_109	R1-R2-R3-R4	3
PfDd2_12	266313	266916	ap2i_r1_gfp_peak_449	R1	1
PfDd2_12	283345	283759	ap2i_r1_gfp_peak_450	R1	1
PfDd2_12	290627	291005	ap2i_r1_gfp_peak_451	R1	1
PfDd2_12	299738	300159	ap2i_r1_gfp_peak_452	R1	1
PfDd2_12	318000	318320	ap2i_r1_gfp_peak_453	R1	1
PfDd2_12	389691	391090	ap2i_r1_gfp_peak_454a,ap2i_r1_gfp_peak_454b,ap2i_r2_gfp_peak_2690	R1-R2	1
PfDd2_12	597044	597412	ap2i_r1_gfp_peak_455	R1	1
PfDd2_12	667792	668141	ap2i_r1_gfp_peak_456	R1	1
PfDd2_12	692995	693287	ap2i_r1_gfp_peak_457	R1	1
PfDd2_12	720029	720280	ap2i_r1_gfp_peak_458	R1	1
PfDd2_12	751849	752468	ap2i_r1_gfp_peak_459a,ap2i_r1_gfp_peak_459b	R1	1
PfDd2_12	798105	799318	ap2i_r1_gfp_peak_460a,ap2i_r1_gfp_peak_460b,ap2i_r2_gfp_peak_2766,ap2i_r3_gfp_peak_101a,ap2i_r3_gfp_peak_101b,ap2i_r4_gfp_peak_110,ap2i_r4_gfp_peak_111,ap2i_r2_gfp_peak_2767	R1-R2-R3-R4	3
PfDd2_12	808536	809264	ap2i_r1_gfp_peak_461	R1	1
PfDd2_12	811153	811432	ap2i_r1_gfp_peak_462	R1	1
PfDd2_12	820706	821218	ap2i_r1_gfp_peak_463,ap2i_r3_gfp_peak_102,ap2i_r2_gfp_peak_2771	R1-R2-R3	2
PfDd2_12	821623	822219	ap2i_r1_gfp_peak_464	R1	1
PfDd2_12	863929	864321	ap2i_r1_gfp_peak_465	R1	1
PfDd2_12	873280	875394	ap2i_r1_gfp_peak_466,ap2i_r3_gfp_peak_103,ap2i_r4_gfp_peak_112a,ap2i_r4_gfp_peak_112b	R1-R3-R4	3
PfDd2_12	878793	880842	ap2i_r1_gfp_peak_467a,ap2i_r1_gfp_peak_467b,ap2i_r1_gfp_peak_467c,ap2i_r3_gfp_peak_104,ap2i_r2_gfp_peak_2782,ap2i_r2_gfp_peak_2783a,ap2i_r2_gfp_peak_2783b,ap2i_r3_gfp_peak_105,ap2i_r4_gfp_peak_113,ap2i_r3_gfp_peak_106	R1-R2-R3-R4	3
PfDd2_12	891946	893714	ap2i_r1_gfp_peak_468a,ap2i_r1_gfp_peak_468b,ap2i_r1_gfp_peak_468c,ap2i_r4_gfp_peak_114,ap2i_r2_gfp_peak_2786,ap2i_r3_gfp_peak_107	R1-R2-R3-R4	3
PfDd2_12	902593	902847	ap2i_r1_gfp_peak_469	R1	1
PfDd2_12	905420	906233	ap2i_r1_gfp_peak_470,ap2i_r2_gfp_peak_2789,ap2i_r3_gfp_peak_108,ap2i_r4_gfp_peak_115	R1-R2-R3-R4	3
PfDd2_12	965045	965980	ap2i_r1_gfp_peak_471a,ap2i_r1_gfp_peak_471b	R1	1
PfDd2_12	1043030	1043402	ap2i_r1_gfp_peak_472,ap2i_r4_gfp_peak_116	R1-R4	2
PfDd2_12	1070281	1070663	ap2i_r1_gfp_peak_473	R1	1
PfDd2_12	1089732	1090093	ap2i_r1_gfp_peak_474	R1	1
PfDd2_12	1108171	1108801	ap2i_r1_gfp_peak_475	R1	1
PfDd2_12	1118585	1119419	ap2i_r1_gfp_peak_476	R1	1
PfDd2_12	1147491	1147848	ap2i_r1_gfp_peak_477	R1	1
PfDd2_12	1148131	1149935	ap2i_r1_gfp_peak_478a,ap2i_r1_gfp_peak_478b,ap2i_r1_gfp_peak_478c,ap2i_r2_gfp_peak_2826a,ap2i_r2_gfp_peak_2826b,ap2i_r3_gfp_peak_109a,ap2i_r3_gfp_peak_109b,ap2i_r4_gfp_peak_117	R1-R2-R3-R4	3
PfDd2_12	1188982	1189544	ap2i_r1_gfp_peak_479	R1	1
PfDd2_12	1211982	1212303	ap2i_r1_gfp_peak_480	R1	1
PfDd2_12	1212498	1212828	ap2i_r1_gfp_peak_481	R1	1
PfDd2_12	1318434	1318686	ap2i_r1_gfp_peak_482	R1	1
PfDd2_12	1357979	1358235	ap2i_r1_gfp_peak_483	R1	1
PfDd2_12	1451739	1452964	ap2i_r1_gfp_peak_484a,ap2i_r1_gfp_peak_484b	R1	1
PfDd2_12	1495208	1495738	ap2i_r1_gfp_peak_485,ap2i_r3_gfp_peak_110,ap2i_r2_gfp_peak_2909,ap2i_r4_gfp_peak_118	R1-R2-R3-R4	3
PfDd2_12	1519977	1520404	ap2i_r1_gfp_peak_486	R1	1
PfDd2_12	1554596	1555032	ap2i_r1_gfp_peak_487	R1	1
PfDd2_12	1564156	1564525	ap2i_r1_gfp_peak_488	R1	1
PfDd2_12	1586451	1586920	ap2i_r1_gfp_peak_489	R1	1
PfDd2_12	1590537	1591727	ap2i_r1_gfp_peak_490a,ap2i_r1_gfp_peak_490b,ap2i_r3_gfp_peak_111	R1-R3	2
PfDd2_12	1601875	1602304	ap2i_r1_gfp_peak_491	R1	1
PfDd2_12	1607859	1608291	ap2i_r1_gfp_peak_492	R1	1
PfDd2_12	1610901	1613675	ap2i_r1_gfp_peak_493a,ap2i_r1_gfp_peak_493b,ap2i_r1_gfp_peak_493c,ap2i_r2_gfp_peak_2931,ap2i_r3_gfp_peak_112,ap2i_r3_gfp_peak_113,ap2i_r2_gfp_peak_2932,ap2i_r4_gfp_peak_119	R1-R2-R3-R4	3
PfDd2_12	1729394	1729655	ap2i_r1_gfp_peak_494	R1	1
PfDd2_12	1825080	1825412	ap2i_r1_gfp_peak_495	R1	1
PfDd2_12	1825585	1825835	ap2i_r1_gfp_peak_496	R1	1
PfDd2_12	1826000	1827451	ap2i_r1_gfp_peak_497a,ap2i_r1_gfp_peak_497b,ap2i_r2_gfp_peak_2980,ap2i_r4_gfp_peak_121,ap2i_r3_gfp_peak_114,ap2i_r2_gfp_peak_2981	R1-R2-R3-R4	3
PfDd2_12	1827800	1828068	ap2i_r1_gfp_peak_498	R1	1
PfDd2_12	1829240	1829968	ap2i_r1_gfp_peak_499	R1	1
PfDd2_12	1830793	1831059	ap2i_r1_gfp_peak_500	R1	1
PfDd2_12	1873410	1874157	ap2i_r1_gfp_peak_501	R1	1
PfDd2_12	1921180	1922515	ap2i_r1_gfp_peak_502a,ap2i_r1_gfp_peak_502b,ap2i_r2_gfp_peak_2998a,ap2i_r2_gfp_peak_2998b,ap2i_r3_gfp_peak_115a,ap2i_r3_gfp_peak_115b	R1-R2-R3	2
PfDd2_12	1922721	1923029	ap2i_r1_gfp_peak_503	R1	1
PfDd2_12	1933048	1933342	ap2i_r1_gfp_peak_504	R1	1
PfDd2_12	1960646	1961027	ap2i_r1_gfp_peak_505	R1	1
PfDd2_12	1992212	1992482	ap2i_r4_gfp_peak_122	R4	1
PfDd2_12	2092807	2093062	ap2i_r1_gfp_peak_506	R1	1
PfDd2_12	2124620	2125872	ap2i_r1_gfp_peak_507,ap2i_r3_gfp_peak_116,ap2i_r2_gfp_peak_3030,ap2i_r3_gfp_peak_117	R1-R2-R3	2
PfDd2_12	2154466	2154812	ap2i_r1_gfp_peak_508	R1	1
PfDd2_12	2160311	2160574	ap2i_r1_gfp_peak_509	R1	1
PfDd2_13	33595	34154	ap2i_r1_gfp_peak_510	R1	1
PfDd2_13	34605	34889	ap2i_r1_gfp_peak_511	R1	1
PfDd2_13	125435	125976	ap2i_r1_gfp_peak_512	R1	1
PfDd2_13	134537	135075	ap2i_r1_gfp_peak_513	R1	1
PfDd2_13	191032	191423	ap2i_r1_gfp_peak_514	R1	1
PfDd2_13	287607	288137	ap2i_r1_gfp_peak_515a,ap2i_r1_gfp_peak_515b	R1	1
PfDd2_13	295543	296199	ap2i_r1_gfp_peak_516a,ap2i_r1_gfp_peak_516b	R1	1
PfDd2_13	338220	339199	ap2i_r1_gfp_peak_517,ap2i_r3_gfp_peak_118,ap2i_r2_gfp_peak_3092	R1-R2-R3	2
PfDd2_13	368195	369732	ap2i_r1_gfp_peak_518a,ap2i_r1_gfp_peak_518b	R1	1
PfDd2_13	435503	436056	ap2i_r1_gfp_peak_519	R1	1
PfDd2_13	466370	466898	ap2i_r1_gfp_peak_520	R1	1
PfDd2_13	479902	480380	ap2i_r1_gfp_peak_521	R1	1
PfDd2_13	482127	482964	ap2i_r1_gfp_peak_522,ap2i_r3_gfp_peak_119,ap2i_r2_gfp_peak_3116,ap2i_r4_gfp_peak_124	R1-R2-R3-R4	3
PfDd2_13	591555	592193	ap2i_r1_gfp_peak_523	R1	1
PfDd2_13	599073	599375	ap2i_r1_gfp_peak_524	R1	1
PfDd2_13	656453	656908	ap2i_r1_gfp_peak_525,ap2i_r4_gfp_peak_125	R1-R4	2
PfDd2_13	666950	667288	ap2i_r1_gfp_peak_526	R1	1
PfDd2_13	687233	687537	ap2i_r4_gfp_peak_126	R4	1
PfDd2_13	720159	720588	ap2i_r1_gfp_peak_527	R1	1
PfDd2_13	759798	760898	ap2i_r1_gfp_peak_528a,ap2i_r1_gfp_peak_528b,ap2i_r4_gfp_peak_127,ap2i_r3_gfp_peak_120	R1-R3-R4	3
PfDd2_13	861261	861664	ap2i_r1_gfp_peak_529	R1	1
PfDd2_13	884893	885537	ap2i_r1_gfp_peak_530	R1	1
PfDd2_13	907974	908741	ap2i_r1_gfp_peak_531,ap2i_r2_gfp_peak_3181,ap2i_r3_gfp_peak_121	R1-R2-R3	2
PfDd2_13	993631	994589	ap2i_r1_gfp_peak_532,ap2i_r2_gfp_peak_3198,ap2i_r4_gfp_peak_129	R1-R2-R4	2
PfDd2_13	1009127	1009633	ap2i_r1_gfp_peak_533	R1	1
PfDd2_13	1011329	1012208	ap2i_r2_gfp_peak_3201,ap2i_r1_gfp_peak_534	R1-R2	1
PfDd2_13	1052016	1052600	ap2i_r1_gfp_peak_535	R1	1
PfDd2_13	1063573	1064019	ap2i_r1_gfp_peak_536	R1	1
PfDd2_13	1078611	1078897	ap2i_r1_gfp_peak_537	R1	1
PfDd2_13	1165357	1165900	ap2i_r1_gfp_peak_538	R1	1
PfDd2_13	1166272	1166616	ap2i_r1_gfp_peak_539	R1	1
PfDd2_13	1210274	1211201	ap2i_r1_gfp_peak_540a,ap2i_r1_gfp_peak_540b	R1	1
PfDd2_13	1211569	1211957	ap2i_r1_gfp_peak_541	R1	1
PfDd2_13	1225145	1226143	ap2i_r1_gfp_peak_542,ap2i_r2_gfp_peak_3236,ap2i_r3_gfp_peak_122	R1-R2-R3	2
PfDd2_13	1259145	1259461	ap2i_r1_gfp_peak_543	R1	1
PfDd2_13	1296269	1296820	ap2i_r1_gfp_peak_544	R1	1
PfDd2_13	1334364	1334616	ap2i_r1_gfp_peak_545	R1	1
PfDd2_13	1342990	1343266	ap2i_r1_gfp_peak_546	R1	1
PfDd2_13	1343386	1343841	ap2i_r1_gfp_peak_547	R1	1
PfDd2_13	1393470	1393749	ap2i_r1_gfp_peak_548	R1	1
PfDd2_13	1427768	1428462	ap2i_r1_gfp_peak_549,ap2i_r2_gfp_peak_3272,ap2i_r4_gfp_peak_130	R1-R2-R4	2
PfDd2_13	1428760	1429381	ap2i_r1_gfp_peak_550,ap2i_r2_gfp_peak_3273	R1-R2	1
PfDd2_13	1429924	1430318	ap2i_r1_gfp_peak_551	R1	1
PfDd2_13	1432105	1433607	ap2i_r1_gfp_peak_552a,ap2i_r1_gfp_peak_552b,ap2i_r3_gfp_peak_123,ap2i_r2_gfp_peak_3274,ap2i_r4_gfp_peak_131	R1-R2-R3-R4	3
PfDd2_13	1439203	1439809	ap2i_r1_gfp_peak_553,ap2i_r2_gfp_peak_3275,ap2i_r3_gfp_peak_124	R1-R2-R3	2
PfDd2_13	1536178	1536487	ap2i_r1_gfp_peak_554	R1	1
PfDd2_13	1551698	1552335	ap2i_r1_gfp_peak_555	R1	1
PfDd2_13	1575780	1576037	ap2i_r1_gfp_peak_556	R1	1
PfDd2_13	1587002	1587345	ap2i_r1_gfp_peak_557	R1	1
PfDd2_13	1588581	1588937	ap2i_r1_gfp_peak_558,ap2i_r4_gfp_peak_132	R1-R4	2
PfDd2_13	1608247	1608597	ap2i_r1_gfp_peak_559	R1	1
PfDd2_13	1649832	1650764	ap2i_r1_gfp_peak_561a,ap2i_r1_gfp_peak_561b	R1	1
PfDd2_13	1678452	1678713	ap2i_r1_gfp_peak_562	R1	1
PfDd2_13	1706500	1707699	ap2i_r1_gfp_peak_563,ap2i_r3_gfp_peak_126a,ap2i_r3_gfp_peak_126b,ap2i_r2_gfp_peak_3322,ap2i_r4_gfp_peak_133,ap2i_r5_gfp_peak_205	R1-R2-R3-R4-R5	3
PfDd2_13	1709321	1709873	ap2i_r1_gfp_peak_564,ap2i_r5_gfp_peak_206	R1-R5	1
PfDd2_13	1712787	1715362	ap2i_r1_gfp_peak_565a,ap2i_r1_gfp_peak_565b,ap2i_r1_gfp_peak_565c,ap2i_r3_gfp_peak_127,ap2i_r2_gfp_peak_3323,ap2i_r3_gfp_peak_128,ap2i_r2_gfp_peak_3324,ap2i_r4_gfp_peak_134,ap2i_r2_gfp_peak_3325	R1-R2-R3-R4	3
PfDd2_13	1740520	1740846	ap2i_r1_gfp_peak_566	R1	1
PfDd2_13	1779418	1779726	ap2i_r1_gfp_peak_567	R1	1
PfDd2_13	1792802	1793163	ap2i_r1_gfp_peak_568	R1	1
PfDd2_13	1793390	1794412	ap2i_r1_gfp_peak_569a,ap2i_r1_gfp_peak_569b,ap2i_r3_gfp_peak_129	R1-R3	2
PfDd2_13	1798567	1799053	ap2i_r1_gfp_peak_570	R1	1
PfDd2_13	1836264	1836605	ap2i_r1_gfp_peak_571	R1	1
PfDd2_13	1836760	1837126	ap2i_r1_gfp_peak_572	R1	1
PfDd2_13	1917403	1918026	ap2i_r1_gfp_peak_573	R1	1
PfDd2_13	1963974	1964385	ap2i_r1_gfp_peak_574	R1	1
PfDd2_13	1987499	1987832	ap2i_r1_gfp_peak_575	R1	1
PfDd2_13	2031882	2032271	ap2i_r1_gfp_peak_576	R1	1
PfDd2_13	2068975	2069973	ap2i_r1_gfp_peak_577,ap2i_r3_gfp_peak_130	R1-R3	2
PfDd2_13	2106075	2106545	ap2i_r1_gfp_peak_578	R1	1
PfDd2_13	2174505	2174844	ap2i_r1_gfp_peak_579	R1	1
PfDd2_13	2225966	2226408	ap2i_r1_gfp_peak_580	R1	1
PfDd2_13	2244609	2245194	ap2i_r1_gfp_peak_581	R1	1
PfDd2_13	2261220	2261923	ap2i_r1_gfp_peak_582,ap2i_r3_gfp_peak_131,ap2i_r2_gfp_peak_3427	R1-R2-R3	2
PfDd2_13	2281446	2281867	ap2i_r1_gfp_peak_583	R1	1
PfDd2_13	2293973	2294439	ap2i_r1_gfp_peak_584	R1	1
PfDd2_13	2340818	2341533	ap2i_r1_gfp_peak_585	R1	1
PfDd2_13	2394796	2395230	ap2i_r1_gfp_peak_586	R1	1
PfDd2_13	2407348	2407782	ap2i_r1_gfp_peak_587	R1	1
PfDd2_13	2408045	2408582	ap2i_r1_gfp_peak_588	R1	1
PfDd2_13	2448523	2449213	ap2i_r1_gfp_peak_589a,ap2i_r1_gfp_peak_589b	R1	1
PfDd2_13	2463720	2464009	ap2i_r1_gfp_peak_590	R1	1
PfDd2_13	2482913	2483289	ap2i_r1_gfp_peak_591	R1	1
PfDd2_13	2486543	2487266	ap2i_r1_gfp_peak_592	R1	1
PfDd2_13	2487520	2488003	ap2i_r1_gfp_peak_593	R1	1
PfDd2_13	2574448	2574818	ap2i_r1_gfp_peak_594	R1	1
PfDd2_13	2647850	2648365	ap2i_r1_gfp_peak_595	R1	1
PfDd2_13	2804037	2804533	ap2i_r4_gfp_peak_135,ap2i_r2_gfp_peak_3504,ap2i_r3_gfp_peak_132	R2-R3-R4	2
PfDd2_13	2855996	2856382	ap2i_r4_gfp_peak_136	R4	1
PfDd2_13	2929209	2929551	ap2i_r1_gfp_peak_596	R1	1
PfDd2_14	45728	46927	ap2i_r1_gfp_peak_597	R1	1
PfDd2_14	229772	231320	ap2i_r1_gfp_peak_598,ap2i_r3_gfp_peak_134,ap2i_r2_gfp_peak_3554,ap2i_r4_gfp_peak_137	R1-R2-R3-R4	3
PfDd2_14	271983	272399	ap2i_r1_gfp_peak_599	R1	1
PfDd2_14	277351	277687	ap2i_r1_gfp_peak_600	R1	1
PfDd2_14	343104	343739	ap2i_r1_gfp_peak_602	R1	1
PfDd2_14	348614	349778	ap2i_r1_gfp_peak_603a,ap2i_r1_gfp_peak_603b,ap2i_r3_gfp_peak_135a,ap2i_r3_gfp_peak_135b,ap2i_r2_gfp_peak_3582a,ap2i_r2_gfp_peak_3582b	R1-R2-R3	2
PfDd2_14	398861	400958	ap2i_r1_gfp_peak_604a,ap2i_r1_gfp_peak_604b,ap2i_r3_gfp_peak_136a,ap2i_r3_gfp_peak_136b,ap2i_r2_gfp_peak_3590a,ap2i_r2_gfp_peak_3590b,ap2i_r4_gfp_peak_138a,ap2i_r4_gfp_peak_138b	R1-R2-R3-R4	3
PfDd2_14	412676	413941	ap2i_r1_gfp_peak_605a,ap2i_r1_gfp_peak_605b	R1	1
PfDd2_14	462197	463254	ap2i_r1_gfp_peak_606,ap2i_r3_gfp_peak_137,ap2i_r2_gfp_peak_3602a,ap2i_r2_gfp_peak_3602b,ap2i_r5_gfp_peak_227	R1-R2-R3-R5	2
PfDd2_14	509235	509631	ap2i_r1_gfp_peak_607,ap2i_r4_gfp_peak_139	R1-R4	2
PfDd2_14	546277	546536	ap2i_r1_gfp_peak_608	R1	1
PfDd2_14	553244	553899	ap2i_r1_gfp_peak_609a,ap2i_r1_gfp_peak_609b	R1	1
PfDd2_14	593333	594105	ap2i_r1_gfp_peak_610	R1	1
PfDd2_14	637829	638194	ap2i_r1_gfp_peak_611	R1	1
PfDd2_14	660347	660768	ap2i_r1_gfp_peak_612,ap2i_r4_gfp_peak_140	R1-R4	2
PfDd2_14	762112	762579	ap2i_r1_gfp_peak_613,ap2i_r4_gfp_peak_141	R1-R4	2
PfDd2_14	872186	872570	ap2i_r1_gfp_peak_614	R1	1
PfDd2_14	877004	877574	ap2i_r1_gfp_peak_615	R1	1
PfDd2_14	1019940	1020238	ap2i_r1_gfp_peak_616	R1	1
PfDd2_14	1086615	1086947	ap2i_r1_gfp_peak_617	R1	1
PfDd2_14	1161677	1162045	ap2i_r1_gfp_peak_618	R1	1
PfDd2_14	1164796	1165892	ap2i_r1_gfp_peak_619,ap2i_r2_gfp_peak_3732,ap2i_r3_gfp_peak_138	R1-R2-R3	2
PfDd2_14	1166080	1167510	ap2i_r1_gfp_peak_620a,ap2i_r1_gfp_peak_620b,ap2i_r3_gfp_peak_139a,ap2i_r3_gfp_peak_139b,ap2i_r2_gfp_peak_3733	R1-R2-R3	2
PfDd2_14	1217521	1218222	ap2i_r1_gfp_peak_621,ap2i_r2_gfp_peak_3744,ap2i_r3_gfp_peak_140	R1-R2-R3	2
PfDd2_14	1232534	1232824	ap2i_r1_gfp_peak_622	R1	1
PfDd2_14	1243287	1243608	ap2i_r1_gfp_peak_623	R1	1
PfDd2_14	1255551	1255866	ap2i_r1_gfp_peak_624	R1	1
PfDd2_14	1310343	1310991	ap2i_r1_gfp_peak_625	R1	1
PfDd2_14	1357186	1357814	ap2i_r1_gfp_peak_626a,ap2i_r1_gfp_peak_626b	R1	1
PfDd2_14	1398244	1399010	ap2i_r1_gfp_peak_627,ap2i_r2_gfp_peak_3778,ap2i_r4_gfp_peak_142	R1-R2-R4	2
PfDd2_14	1412496	1412858	ap2i_r1_gfp_peak_628	R1	1
PfDd2_14	1423948	1424575	ap2i_r1_gfp_peak_629	R1	1
PfDd2_14	1454509	1455461	ap2i_r1_gfp_peak_630,ap2i_r2_gfp_peak_3795	R1-R2	1
PfDd2_14	1481681	1482038	ap2i_r1_gfp_peak_631	R1	1
PfDd2_14	1491680	1492501	ap2i_r1_gfp_peak_632	R1	1
PfDd2_14	1494274	1494787	ap2i_r1_gfp_peak_633	R1	1
PfDd2_14	1494890	1496124	ap2i_r1_gfp_peak_634a,ap2i_r1_gfp_peak_634b	R1	1
PfDd2_14	1527317	1528075	ap2i_r1_gfp_peak_635,ap2i_r3_gfp_peak_141,ap2i_r2_gfp_peak_3807,ap2i_r4_gfp_peak_143	R1-R2-R3-R4	3
PfDd2_14	1556929	1557234	ap2i_r1_gfp_peak_636	R1	1
PfDd2_14	1584364	1586526	ap2i_r1_gfp_peak_637a,ap2i_r1_gfp_peak_637b,ap2i_r1_gfp_peak_637c	R1	1
PfDd2_14	1593317	1593719	ap2i_r1_gfp_peak_638	R1	1
PfDd2_14	1616669	1617759	ap2i_r1_gfp_peak_639a,ap2i_r1_gfp_peak_639b,ap2i_r3_gfp_peak_142a,ap2i_r3_gfp_peak_142b,ap2i_r2_gfp_peak_3814	R1-R2-R3	2
PfDd2_14	1658900	1659278	ap2i_r2_gfp_peak_3817,ap2i_r4_gfp_peak_144	R2-R4	1
PfDd2_14	1660382	1660809	ap2i_r1_gfp_peak_640	R1	1
PfDd2_14	1773802	1774243	ap2i_r1_gfp_peak_641	R1	1
PfDd2_14	1848284	1849378	ap2i_r1_gfp_peak_642	R1	1
PfDd2_14	1987321	1987607	ap2i_r1_gfp_peak_643	R1	1
PfDd2_14	1992411	1994541	ap2i_r1_gfp_peak_644a,ap2i_r1_gfp_peak_644b,ap2i_r1_gfp_peak_644c,ap2i_r2_gfp_peak_3869,ap2i_r3_gfp_peak_143,ap2i_r4_gfp_peak_145a,ap2i_r4_gfp_peak_145b	R1-R2-R3-R4	3
PfDd2_14	2047118	2047603	ap2i_r1_gfp_peak_645	R1	1
PfDd2_14	2081825	2082390	ap2i_r1_gfp_peak_646	R1	1
PfDd2_14	2082490	2083978	ap2i_r1_gfp_peak_647a,ap2i_r1_gfp_peak_647b,ap2i_r1_gfp_peak_647c	R1	1
PfDd2_14	2100303	2101454	ap2i_r1_gfp_peak_648	R1	1
PfDd2_14	2111967	2112820	ap2i_r1_gfp_peak_649a,ap2i_r1_gfp_peak_649b	R1	1
PfDd2_14	2236771	2237876	ap2i_r1_gfp_peak_650a,ap2i_r1_gfp_peak_650b	R1	1
PfDd2_14	2257174	2257640	ap2i_r1_gfp_peak_651	R1	1
PfDd2_14	2274209	2274592	ap2i_r1_gfp_peak_652	R1	1
PfDd2_14	2323835	2324610	ap2i_r1_gfp_peak_653,ap2i_r2_gfp_peak_3917,ap2i_r3_gfp_peak_144	R1-R2-R3	2
PfDd2_14	2393151	2393433	ap2i_r1_gfp_peak_654	R1	1
PfDd2_14	2413920	2414286	ap2i_r1_gfp_peak_655	R1	1
PfDd2_14	2430485	2430882	ap2i_r1_gfp_peak_656	R1	1
PfDd2_14	2442778	2443268	ap2i_r1_gfp_peak_657	R1	1
PfDd2_14	2451365	2451625	ap2i_r1_gfp_peak_658	R1	1
PfDd2_14	2451733	2452593	ap2i_r1_gfp_peak_659a,ap2i_r1_gfp_peak_659b	R1	1
PfDd2_14	2463962	2464275	ap2i_r1_gfp_peak_660	R1	1
PfDd2_14	2485927	2486236	ap2i_r4_gfp_peak_146	R4	1
PfDd2_14	2537437	2538074	ap2i_r1_gfp_peak_661	R1	1
PfDd2_14	2569623	2570561	ap2i_r1_gfp_peak_662,ap2i_r2_gfp_peak_3952	R1-R2	1
PfDd2_14	2584406	2584736	ap2i_r1_gfp_peak_663	R1	1
PfDd2_14	2584845	2585203	ap2i_r1_gfp_peak_664	R1	1
PfDd2_14	2687056	2687625	ap2i_r1_gfp_peak_665	R1	1
PfDd2_14	2698034	2698607	ap2i_r1_gfp_peak_666	R1	1
PfDd2_14	2699987	2700470	ap2i_r1_gfp_peak_667,ap2i_r3_gfp_peak_145,ap2i_r4_gfp_peak_147,ap2i_r2_gfp_peak_3976	R1-R2-R3-R4	3
PfDd2_14	2747072	2747471	ap2i_r1_gfp_peak_668	R1	1
PfDd2_14	2775682	2777452	ap2i_r1_gfp_peak_669a,ap2i_r1_gfp_peak_669b,ap2i_r1_gfp_peak_669c,ap2i_r2_gfp_peak_3992a,ap2i_r2_gfp_peak_3992b	R1-R2	1
PfDd2_14	2778470	2779984	ap2i_r1_gfp_peak_670,ap2i_r3_gfp_peak_146,ap2i_r2_gfp_peak_3993,ap2i_r4_gfp_peak_148	R1-R2-R3-R4	3
PfDd2_14	2784421	2786042	ap2i_r1_gfp_peak_671,ap2i_r3_gfp_peak_147,ap2i_r2_gfp_peak_3994,ap2i_r4_gfp_peak_149	R1-R2-R3-R4	3
PfDd2_14	2829074	2829399	ap2i_r1_gfp_peak_672	R1	1
PfDd2_14	2982899	2983189	ap2i_r1_gfp_peak_673	R1	1
PfDd2_14	3051423	3051834	ap2i_r1_gfp_peak_674	R1	1
PfDd2_14	3115510	3116199	ap2i_r1_gfp_peak_675	R1	1
PfDd2_MT	48	6054	ap2i_r4_gfp_peak_150a,ap2i_r4_gfp_peak_150b,ap2i_r4_gfp_peak_150c,ap2i_r4_gfp_peak_150d,ap2i_r4_gfp_peak_150e,ap2i_r4_gfp_peak_150f,ap2i_r4_gfp_peak_150g,ap2i_r4_gfp_peak_150h,ap2i_r4_gfp_peak_150i,ap2i_r4_gfp_peak_150j,ap2i_r4_gfp_peak_150k,ap2i_r4_gfp_peak_150l	R4	1
